{
  "fill" : "system-light",
  "groups" : [
    {
      "layers" : [
        {
          "fill-specializations" : [
            {
              "value" : {
                "solid" : "gray:0.75088,1.00000"
              }
            },
            {
              "appearance" : "dark",
              "value" : {
                "solid" : "gray:0.91848,1.00000"
              }
            },
            {
              "appearance" : "tinted",
              "value" : {
                "solid" : "gray:1.00000,1.00000"
              }
            }
          ],
          "image-name" : "gear 1.svg",
          "name" : "gear 1"
        },
        {
          "fill-specializations" : [
            {
              "value" : {
                "solid" : "srgb:0.04706,0.29804,0.59608,1.00000"
              }
            },
            {
              "appearance" : "dark",
              "value" : {
                "solid" : "srgb:0.01680,0.19835,1.00000,1.00000"
              }
            },
            {
              "appearance" : "tinted",
              "value" : {
                "solid" : "extended-gray:0.52170,1.00000"
              }
            }
          ],
          "image-name" : "Ellipse 4.svg",
          "name" : "Ellipse 4",
          "position" : {
            "scale" : 8.32,
            "translation-in-points" : [
              0,
              0
            ]
          }
        }
      ],
      "shadow" : {
        "kind" : "neutral",
        "opacity" : 0.5
      },
      "translucency" : {
        "enabled" : true,
        "value" : 0.5
      }
    }
  ],
  "supported-platforms" : {
    "circles" : [
      "watchOS"
    ],
    "squares" : "shared"
  }
}